epoch,time,train/box_loss,train/cls_loss,train/dfl_loss,metrics/precision(B),metrics/recall(B),metrics/mAP50(B),metrics/mAP50-95(B),val/box_loss,val/cls_loss,val/dfl_loss,lr/pg0,lr/pg1,lr/pg2
1,1334.56,2.10243,3.23422,1.68641,0.26011,0.20935,0.19924,0.07067,1.9763,2.9484,1.58521,0.00047157,0.00047157,0.00047157
2,2577.21,1.94012,2.40527,1.55598,0.36796,0.33759,0.30518,0.1255,1.96824,2.50745,1.58278,0.000760218,0.000760218,0.000760218
