epoch,time,train/box_loss,train/cls_loss,train/dfl_loss,metrics/precision(B),metrics/recall(B),metrics/mAP50(B),metrics/mAP50-95(B),val/box_loss,val/cls_loss,val/dfl_loss,lr/pg0,lr/pg1,lr/pg2
1,7.00949,0.96332,2.29145,0.01334,0.89665,0.65566,0.90384,0.66686,1.58082,0.9661,0.01154,0,0,0
2,14.014,1.16864,2.44315,0.01394,0.89648,0.65805,0.90211,0.66656,1.57936,0.96655,0.01151,1.17822e-06,1.17822e-06,1.17822e-06
3,20.8532,0.98387,2.76437,0.02108,0.87835,0.66743,0.90205,0.66443,1.57681,0.96901,0.01147,2.33288e-06,2.33288e-06,2.33288e-06
4,27.7492,1.41442,2.22867,0.02985,0.87545,0.67608,0.90564,0.66574,1.57714,0.96822,0.01144,3.46397e-06,3.46397e-06,3.46397e-06
5,34.4128,1.34444,2.99402,0.02152,0.88176,0.67684,0.90567,0.66715,1.52097,1.05258,0.01101,4.5715e-06,4.5715e-06,4.5715e-06
6,41.2237,1.10312,2.01709,0.01418,0.84441,0.67131,0.90208,0.6666,1.51279,1.08275,0.01091,5.65548e-06,5.65548e-06,5.65548e-06
7,48.4601,1.28154,2.80496,0.01222,0.86167,0.67737,0.90604,0.66052,1.55748,1.05338,0.01138,6.71588e-06,6.71588e-06,6.71588e-06
8,55.1689,1.01361,2.21468,0.01029,0.86573,0.67783,0.90208,0.66355,1.55786,1.05632,0.01133,7.75273e-06,7.75273e-06,7.75273e-06
